periodo,dep_cod,departamento,n_adultos_18_64,peso_total_18_64,tasa_trabaja_horas_hombre,tasa_trabaja_horas_mujer,horas_prom_hombre,horas_prom_mujer,pobreza_hombre,pobreza_mujer,ingreso_neto_hogar_hombre,ingreso_neto_hogar_mujer,tasa_educ_sup_hombre,tasa_educ_sup_mujer,tasa_educ_univ_hombre,tasa_educ_univ_mujer,gap_trabaja_horas_h_m,gap_horas_h_m,gap_pobreza_m_h,gap_ingreso_hogar_h_m,gap_educ_sup_m_h,gap_educ_univ_m_h,ratio_trabajo_m_h,ratio_horas_m_h,ratio_ingreso_hogar_m_h,ratio_pobreza_m_h,ratio_educ_sup_m_h,n_mujeres_18_49,peso_mujeres_18_49,share_mujeres_18_49_con_u6,prom_ninios_u6_hogar_mujer_18_49,share_mujeres_18_49_con_2mas_u6,tasa_trabaja_mujer_no_u6,tasa_trabaja_mujer_si_u6,horas_mujer_no_u6,horas_mujer_si_u6,pobreza_mujer_no_u6,pobreza_mujer_si_u6,ingreso_hogar_mujer_no_u6,ingreso_hogar_mujer_si_u6,penalidad_maternidad_trabajo,penalidad_maternidad_horas,penalidad_maternidad_pobreza,penalidad_maternidad_ingreso,penalidad_maternidad_trabajo_educ_sup,penalidad_maternidad_trabajo_no_educ_sup,mitigacion_penalidad_trabajo_por_educ,penalidad_maternidad_ingreso_educ_sup,penalidad_maternidad_ingreso_no_educ_sup,mitigacion_penalidad_ingreso_por_educ,lat,lon,total_autoridades_electas,n_autoridades_mujeres,n_autoridades_hombres,share_autoridades_mujeres,share_autoridades_hombres,ratio_autoridades_mujer_hombre,share_liderazgo_ejecutivo_mujeres,share_alcaldias_mujeres,share_gobernaciones_mujeres,share_regidurias_mujeres,share_consejerias_mujeres,densidad_liderazgo_femenino,brecha_liderazgo_vs_base_mujeres,indice_techo_politico_mujeres
2008-2024,01,Amazonas,40119,4164325.485974784,0.8491877005073933,0.7763960013409833,38.76451400073476,32.130280674194175,0.3416461863039434,0.32887133891964637,7869.511378625182,7874.300188441531,0.20530185140841112,0.21394870634591792,0.10739607557468618,0.1014714202732343,0.07279169916641004,6.634233326540588,-0.012774847384297017,-4.788809816348476,0.008646854937506804,-0.005924655301451878,0.914280789602915,0.8288580807071426,1.000608526957513,0.9626079614044574,1.042117764054185,15418,1623572.7298289074,0.47548805812852646,0.63582144531956,0.13043423266666881,0.7606031408001775,0.7709494639774443,33.75937344364779,30.005029822496436,0.23866363337452157,0.4823384856672361,8677.254397321663,7082.810633016804,0.010346323177266803,-3.754343621151353,0.24367485229271452,-1594.4437643048595,0.013116153807339548,-0.006606434568041664,0.01972258837538121,119.79572850699697,-617.0220932071534,736.8178217141503,-6.231,-77.869,5452,1588,3864,0.29126925898752754,0.7087307410124725,0.4109730848861284,0.0539906103286385,0.05238095238095238,0.16666666666666666,0.3351206434316354,0.3541666666666667,0.008437270726338958,-0.23727864865888904,0.18536322891167323
2008-2024,02,Áncash,46054,11570589.57851296,0.8414719527023626,0.7323319849637346,40.13735198846821,32.01173455560221,0.19774015377585463,0.20515136648296664,12406.49874084727,11503.155846891259,0.2980525848469965,0.27967367364472356,0.16495407456020092,0.16377009100763693,0.109139967738628,8.125617432866001,0.007411212707112008,903.3428939560108,-0.01837891120227292,-0.0011839835525639941,0.8702987456823389,0.7975547207199778,0.927187926841774,1.0374795536748336,0.9383366823954652,17525,4450957.68936802,0.4327235498368614,0.5525483407152167,0.10114798128793502,0.7325724852473078,0.7076719189000887,32.87697447584198,29.825302796808757,0.1584205079314987,0.2966770878287257,11858.851428449418,11916.404263647997,-0.024900566347219044,-3.051671679033227,0.138256579897227,57.55283519857949,-0.016650685322042835,-0.03463377778297827,0.017983092460935435,1679.6661587869276,823.194875976893,856.4712828100346,-9.527,-77.528,10800,3146,7654,0.2912962962962963,0.7087037037037037,0.41102691403187874,0.032219570405727926,0.03125,0.16666666666666666,0.34217687074829933,0.18699186991869918,0.005,-0.25907672589056835,0.1106075525689325
2008-2024,03,Apurímac,26993,4420039.717590985,0.8547889859066784,0.8259042023065172,34.944568768529706,33.23961097830026,0.35633895616236566,0.3536252427149322,8749.082641314637,8089.829570877778,0.2645283954269559,0.23143870675653624,0.15656165041431314,0.1409907297537839,0.028884783600161223,1.704957790229443,-0.0027137134474334856,659.2530704368592,-0.03308968867041964,-0.01557092066052923,0.9662082875699164,0.9512096485859374,0.9246488920651229,0.9923844603557828,0.8749106362777728,10106,1684832.5392596005,0.3969947915865618,0.4908141474561674,0.08438512909265893,0.7960790953254334,0.7973227185564314,33.820863491385865,31.961658930138395,0.29079625934926423,0.5002249287563507,9759.00809217618,7281.672717947322,0.0012436232309980255,-1.85920456124747,0.2094286694070865,-2477.335374228858,0.005702673562061444,-0.02380779484756157,0.029510468409623014,-1066.8153600799706,-1055.9403686028654,-10.87499147710514,-13.637,-72.879,5436,1372,4064,0.2523914643119941,0.7476085356880059,0.3375984251968504,0.03747072599531616,0.035629453681710214,0.16666666666666666,0.296229802513465,0.16326530612244897,0.005886681383370125,-0.21492073831667796,0.14846273069281243
2008-2024,04,Arequipa,49956,14164290.348411184,0.7989841244291965,0.6397157482431829,45.808281329934566,39.67023390909767,0.09030073714092665,0.09881800993779069,18898.251134215643,17836.0516006643,0.4531846014762904,0.42375455270535406,0.24952003058299038,0.2320715379614373,0.15926837618601364,6.138047420836898,0.00851727279686404,1062.199533551342,-0.029430048770936357,-0.01744849262155307,0.8006614007508637,0.8660057255449608,0.9437937655708146,1.0943211879164583,0.9350594687571792,19036,5478266.926419158,0.36075311074450583,0.4443479081030291,0.07551563003177522,0.6665570748399169,0.5836263339872864,39.76717311404742,38.90965519855741,0.0718318332810023,0.16431930302538378,18105.88812540325,17771.47364353531,-0.08293074085263052,-0.857517915490007,0.09248746974438148,-334.41448186793787,-0.056991137020060756,-0.09969043501916852,0.042699297999107766,170.22988515205725,838.7062438654593,-668.4763587134021,-16.398,-71.536,7474,2328,5146,0.3114797966283115,0.6885202033716885,0.4523902059852313,0.05989110707803993,0.05871559633027523,0.16666666666666666,0.3572815533980582,0.25806451612903225,0.008830612791008831,-0.2515886895502716,0.19227926731154227
2008-2024,05,Ayacucho,33264,6548865.373361193,0.8403774738555374,0.7733411373999838,38.1780520050451,35.319832506158924,0.3830361434927953,0.39338733127061726,8933.75044752618,8184.359072762143,0.26140087026890824,0.22784892610707816,0.1504721660405834,0.10972711265065764,0.06703633645555362,2.8582194988861787,0.010351187777821957,749.3913747640363,-0.03355194416183008,-0.04074505338992575,0.9202306837807063,0.925134485685428,0.916116822473864,1.0270240496978496,0.8716456294605502,12969,2589214.2000471205,0.4459656228005192,0.5630644286327451,0.10104793032979222,0.7646514407033251,0.7392104590761261,36.31573436672193,33.11000701529815,0.31951260141057536,0.5189671627482737,9651.937668145027,7192.299823535512,-0.02544098162719899,-3.205727351423775,0.19945456133769834,-2459.637844609515,-0.008565780121832733,-0.048167161047727336,0.0396013809258946,-3592.7816735034485,-156.701936352315,-3436.0797371511335,-13.163,-74.224,7668,2060,5608,0.2686489306207616,0.7313510693792384,0.3673323823109843,0.024793388429752067,0.02003338898163606,0.5,0.31631024577082667,0.2597402597402597,0.003912363067292645,-0.24385554219100955,0.0922891759608441
2008-2024,06,Cajamarca,42573,14693481.680612355,0.8743896252170587,0.8185528410747622,36.17424255945053,26.641781667600632,0.44282436412514803,0.44044350502287366,8069.666082134066,7432.344965695288,0.21162892220354035,0.187364604160415,0.11770209036150343,0.09044234671027156,0.055836784142296425,9.532460891849901,-0.0023808591022743686,637.3211164387776,-0.024264318043125344,-0.027259743651231877,0.9361419868992207,0.7364848517233281,0.9210226160596927,0.9946234685912596,0.8853449812507743,16547,5730627.635713365,0.4095894531147529,0.5134961259853092,0.08844481033799616,0.8070233615366641,0.8031327621572294,28.023509810476778,25.289417998848716,0.39249582812797645,0.5533198209248682,7772.318775801984,7846.385765386685,-0.0038905993794347005,-2.734091811628062,0.16082399279689175,74.06698958470133,0.0005190914005297476,-0.017234212882884403,0.01775330428341415,3600.7747102277317,273.2922474765819,3327.48246275115,-7.161,-78.512,8472,2066,6406,0.24386213408876298,0.756137865911237,0.32251014673743367,0.018764659890539485,0.014206787687450671,0.5,0.28760616093277674,0.15730337078651685,0.0028328611898017,-0.22509747419822349,0.07694782119682987
2008-2024,07,Callao,35511,10888295.563414875,0.8044586760074024,0.5990088506871103,48.34320459187825,39.97030375427259,0.1782678154317635,0.1928913489347289,22326.129773178294,20960.71553201941,0.37272168720123533,0.3709474507051955,0.18244660099459906,0.15660274765940407,0.2054498253202921,8.372900837605656,0.014623533502965386,1365.4142411588837,-0.001774236496039805,-0.025843853335194983,0.7446110888629391,0.8268029414208027,0.9388423226492557,1.0820312599195052,0.995239781968786,13723,4231774.951911548,0.39098638350596754,0.5045448788286576,0.09228237498551467,0.6561951524023018,0.5482342713744134,40.93134379260493,38.58239361668546,0.14758515642376563,0.31026787310661785,21096.281376468636,20837.40268247063,-0.10796088102788837,-2.3489501759194695,0.16268271668285222,-258.8786939980055,-0.0615266415021436,-0.12064621056781588,0.059119569065672284,701.6584804298764,917.7727829973956,-216.1143025675192,-12.05,-77.118,7782,1968,5814,0.2528912875867386,0.7471087124132614,0.3384932920536636,0.03496503496503497,0.030035335689045935,0.5,0.2907268170426065,0.2755102040816326,0.005140066820868671,-0.21792625262170365,0.13826112911478766
2008-2024,08,Cusco,38437,13265391.518813033,0.8447900441146514,0.7989221358971447,39.52216844163654,35.234334502293514,0.20591344739908093,0.20548782853624417,10997.466751162348,10494.392653985507,0.312696615621404,0.29198070600065984,0.17584495385905183,0.15360524623298885,0.04586790821750675,4.287833939343024,-0.000425618862836763,503.07409717684095,-0.020715909620744155,-0.022239707626062977,0.945704961206572,0.8915081305400794,0.9542554564101164,0.9979330205568757,0.9337507712401152,14409,5061353.252579261,0.3862767591564509,0.47929916507795217,0.08245568103450546,0.7717562121792287,0.7840782067441044,35.664477157022716,33.734595037881704,0.1542380328069375,0.325398284585268,11527.733302595763,9913.170836068513,0.012321994564875705,-1.9298821191410127,0.1711602517783305,-1614.5624665272499,-0.002972237762528973,-0.00460292904170212,0.0016306912791731465,593.4407992635788,-527.0194896094035,1120.4602888729823,-13.532,-71.967,6450,1628,4822,0.2524031007751938,0.7475968992248062,0.33761924512650354,0.050980392156862744,0.0496031746031746,0.16666666666666666,0.2920754716981132,0.27450980392156865,0.00806201550387597,-0.20142270861833106,0.2019800549212314
2008-2024,09,Huancavelica,29159,4391772.456939189,0.8633247323657958,0.8564724810428603,33.19120673804963,31.577096588827477,0.40998864265784796,0.4236210331187899,6676.574780223373,6055.724657481596,0.21442647852898533,0.1653066606738375,0.11405044886792393,0.08416485537168215,0.006852251322935432,1.614110149222153,0.013632390460941946,620.8501227417764,-0.049119817855147824,-0.029885593496241772,0.9920629502827308,0.951369344237437,0.907010683894264,1.033250653902427,0.770924662886221,11186,1691712.9100094289,0.46645985022443187,0.6228978016193342,0.1351585727649906,0.8330119378482869,0.8407959302367531,32.30918780724549,29.70683964718742,0.3333439468896621,0.5799192070540333,7186.592391545858,5859.099740573687,0.0077839923884662765,-2.6023481600580745,0.2465752601643712,-1327.4926509721708,0.012648543171223325,-0.011971263188403802,0.024619806359627128,-1266.319666650561,112.24142729613732,-1378.5610939466983,-12.786,-74.973,5720,1516,4204,0.26503496503496504,0.734965034965035,0.36060894386298764,0.05200945626477541,0.05263157894736842,0.0,0.30445969125214406,0.20930232558139536,0.007692307692307693,-0.21302550877018964,0.1962362070148518
2008-2024,10,Huánuco,40009,8359888.952076881,0.8366519017600662,0.772954403231933,35.6330428877883,30.190928512741994,0.348038986015897,0.36518756731694085,8078.387116353972,7434.522560343384,0.22301132448641248,0.2080831097659841,0.14872438882275932,0.12592550210093692,0.06369749852813322,5.442114375046305,0.017148581301043853,643.8645560105879,-0.014928214720428379,-0.022798886721822398,0.9238661880835594,0.8472733751034393,0.9202978828896251,1.0492720125907407,0.9330607324322765,15351,3222832.9570483067,0.4760822350584425,0.6149566856050402,0.11998606170446065,0.7686385158535051,0.7444349198941284,31.104262052067345,28.43549845269178,0.2743189289180388,0.5045221556874703,8696.5091889618,6556.910589533387,-0.02420359595937671,-2.6687635993755663,0.2302032267694315,-2139.598599428413,-0.04872434732042019,-0.02888487186217814,-0.01983947545824205,-2088.837172958616,-445.88502254577725,-1642.9521504128388,-9.93,-76.242,3146,1082,2064,0.343928798474253,0.6560712015257469,0.5242248062015504,0.09954751131221719,0.09767441860465116,0.16666666666666666,0.3911007025761124,0.3191489361702128,0.013986013986013986,-0.24438128716203583,0.2894422094161139
2008-2024,11,Ica,47532,8118745.613795636,0.842753069030709,0.6575325042879906,48.111544166086766,39.913623885263576,0.05677797275039857,0.05953778331901834,17893.534539462522,16461.86394195045,0.4040531963510046,0.4085041233749211,0.19982394602086673,0.1867302943709751,0.18522056474271842,8.19792028082319,0.0027598105686197708,1431.6705975120713,0.004450927023916473,-0.013093651649891624,0.7802196496824989,0.8296059620842142,0.919989502668986,1.0486070642351422,1.0110156956165988,18313,3166366.2077989,0.43469623258036905,0.5546174764353858,0.1028963747043022,0.693310868570541,0.6236121980603084,40.6807971902808,38.68835125606616,0.038194496553031886,0.10068278032476263,16613.555195702887,17554.632499637006,-0.0696986705102326,-1.9924459342146363,0.06248828377173075,941.0773039341184,-0.05550832193390176,-0.07463529384341272,0.01912697190951096,1252.1045672955552,1409.150912945417,-157.0463456498619,-14.068,-75.729,8388,2540,5848,0.3028135431568908,0.6971864568431092,0.43433652530779754,0.039936102236421724,0.03870967741935484,0.16666666666666666,0.3522139160437033,0.26229508196721313,0.005960896518836433,-0.26287744092046905,0.13188347462956906
2008-2024,12,Junín,46179,13763376.448492575,0.8528877476549426,0.753454201205092,43.282200077329435,36.19885752988581,0.19260885824809396,0.19537962670829626,11845.621751636529,11150.17959396048,0.33447073496153823,0.31484307421293484,0.1856204821093056,0.17104360194385856,0.09943354644985058,7.083342547443628,0.0027707684602022997,695.4421576760487,-0.019627660748603393,-0.014576880165447031,0.88341543570857,0.836345136458214,0.9412912068055888,1.0143854674463277,0.9413172553022899,17765,5343847.2259217035,0.4092554219127853,0.5186288303288551,0.09007227824093882,0.7584572099564099,0.7253208002016712,37.50888811877373,34.07525449917619,0.13927351333149338,0.3067016280374971,12159.78221762046,10696.310472337083,-0.03313640975473864,-3.4336336195975434,0.16742811470600374,-1463.4717452833775,-0.017609156782132818,-0.05016856724997265,0.03255941046783983,-406.941786630312,-254.46425354196617,-152.4775330883458,-12.066,-75.204,6132,1722,4410,0.2808219178082192,0.7191780821917808,0.3904761904761905,0.0166270783847981,0.014457831325301205,0.16666666666666666,0.3258382642998028,0.28169014084507044,0.00228310502283105,-0.2641948394234211,0.05920862058976884
2008-2024,13,La Libertad,47346,18835941.818196423,0.8295660101225274,0.661304498506057,45.59174332408997,34.545097644357384,0.24010468718802574,0.246565874967554,14959.792564403355,13899.209470912901,0.3085019258116699,0.30903719567086074,0.16984223993999614,0.1599218515074702,0.1682615116164704,11.046645679732585,0.006461187779528255,1060.5830934904534,0.0005352698591908345,-0.009920388432525934,0.7971692311843658,0.7577051265355824,0.9291044251499785,1.0269098777504018,1.001735061645993,18642,7452797.140614934,0.4329647598709319,0.5576328010108271,0.10441324200699156,0.6852089238417947,0.6344262840743734,35.83013289489765,33.177732041771684,0.19412146119060467,0.3515335268751083,14244.393204993492,14103.336840380867,-0.050782639767421256,-2.652400853125968,0.15741206568450364,-141.05636461262475,-0.029719712364786655,-0.0646331716010351,0.034913459236248445,1598.4147942339732,545.6498641869875,1052.7649300469857,-8.115,-79.029,2918,888,2030,0.30431802604523644,0.6956819739547635,0.4374384236453202,0.04081632653061224,0.03684210526315789,0.16666666666666666,0.3487394957983193,0.25,0.0054832076764907475,-0.2635016995146242,0.13412391983820554
2008-2024,14,Lambayeque,49341,12823300.017237674,0.8304383076819426,0.643530002841184,47.63994616630704,35.517536580107695,0.17792067997104305,0.1776155583290981,14667.800886115565,13440.638516893167,0.2982170814397863,0.2926665172939815,0.1555094018286508,0.14478195910491476,0.1869083048407586,12.122409586199346,-0.00030512164194496094,1227.1623692223984,-0.005550564145804793,-0.010727442723736047,0.7749281275782085,0.745541072949977,0.9163363084384366,0.9982850692679759,0.9813875043005358,19288,5047571.875065882,0.43436353982675646,0.5941514304414509,0.12445201158351614,0.6619315063889561,0.612997844731231,37.096894968470245,33.25811590327836,0.1318992605300076,0.27621983285409796,13541.793872935821,13908.032065161555,-0.04893366165772517,-3.8387790651918863,0.14432057232409035,366.23819222573366,-0.04787072561006178,-0.05195244977648383,0.004081724166422052,1532.212821336776,962.040337927634,570.1724834091419,-6.772,-79.84,13826,4682,9144,0.33863734992043976,0.6613626500795603,0.5120297462817148,0.08574739281575898,0.08518086347724621,0.16666666666666666,0.37924429740553717,0.07017543859649122,0.010704469839432953,-0.25288995710468076,0.2532130399552934
2008-2024,15,Lima,150256,108287783.75412646,0.8097592328747911,0.6284837511154321,47.547485078505225,40.460549647402885,0.15621383944270395,0.1632116008675208,24605.32160153557,23559.56688902234,0.4182910939774102,0.41852317717304377,0.24539705905697706,0.22833993953966575,0.18127548175935904,7.08693543110234,0.00699776142481684,1045.7547125132296,0.00023208319563355895,-0.017057119517311314,0.7761365670190651,0.8509503621610867,0.957498839907544,1.044796040157399,1.000554836569497,57436,41840262.6054722,0.36936248907190683,0.463626745363351,0.07937457740228068,0.66859125277828,0.5901054497236359,41.27385361514668,39.68454766424217,0.1220889591177423,0.2769065575443792,24047.071221850445,22694.412563101196,-0.07848580305464414,-1.5893059509045102,0.1548175984266369,-1352.6586587492493,-0.04575780114780126,-0.0899120266511707,0.04415422550336945,170.3958010978713,371.320081934271,-200.9242808363997,-12.046,-77.043,3904,1196,2708,0.30635245901639346,0.6936475409836066,0.44165435745937964,0.05860805860805861,0.056179775280898875,0.16666666666666666,0.35520504731861197,0.17142857142857143,0.00819672131147541,-0.24774440040833484,0.19130924816543543
2008-2024,16,Loreto,53078,9610385.774934694,0.8229742839042163,0.6862637064434055,38.07373347003988,33.75968220642891,0.33778062790044755,0.32475806830779363,10137.635490729908,10404.425480033018,0.21795632792401284,0.19521952648939833,0.10130676953833867,0.08506115250078977,0.13671057746081083,4.3140512636109705,-0.013022559592653915,-266.7899893031099,-0.022736801434614512,-0.0162456170375489,0.8338823215565723,0.8866921924794771,1.026316786547225,0.9614466949345242,0.8956818475922326,20531,3742882.8469912363,0.6310942449370488,1.0147765237890718,0.267640459580273,0.716566588180522,0.6518046091774897,36.12262522387405,31.770322008602314,0.18760471255312006,0.4361992264978692,12002.41324988609,9505.501702748763,-0.06476197900303227,-4.352303215271739,0.24859451394474913,-2496.911547137328,-0.027600829018787243,-0.06821866511907759,0.04061783610029035,522.3660798675301,-984.6490995125232,1507.0151793800533,-3.749,-73.253,842,270,572,0.32066508313539194,0.6793349168646081,0.47202797202797203,0.03278688524590164,0.01818181818181818,0.16666666666666666,0.3901639344262295,0.2608695652173913,0.004750593824228029,-0.2878781978894903,0.10224650880388586
2008-2024,17,Madre de Dios,22725,1411865.6439239653,0.8689409682677274,0.7031328132113425,46.84524667699009,44.02693732130915,0.060345828913386135,0.06453755307357835,12855.168201814522,12592.47231065434,0.29758104955965037,0.30096322806073794,0.15980795256883032,0.14832588400093674,0.1658081550563849,2.818309355680938,0.0041917241601922145,262.6958911601814,0.003382178501087574,-0.011482068567893577,0.809183637195826,0.9398378799216514,0.9795649588526503,1.0694617049043864,1.0113655708456315,9137,579938.3625471434,0.5031857121356224,0.6470295817584565,0.12031148829788152,0.7366438739998292,0.6566040280524068,45.01654981695325,42.69351288785174,0.0306341513079175,0.10312545224573157,12600.542919298328,12995.666913708124,-0.08003984594742242,-2.3230369291015123,0.07249130093781407,395.12399440979607,-0.027508534996371514,-0.10518937078654167,0.07768083579017016,354.29319468520407,1518.9324428287673,-1164.6392481435632,-12.593,-69.189,1440,416,1024,0.28888888888888886,0.7111111111111111,0.40625,0.04672897196261682,0.039603960396039604,0.16666666666666666,0.3435804701627486,0.2826086956521739,0.006944444444444444,-0.24215991692627203,0.16175413371675054
2008-2024,18,Moquegua,28661,1976706.8170983936,0.8004229846021476,0.6732464271651563,43.75640276985899,37.2030914049797,0.09590281170376956,0.10337494430575488,18798.059952713258,17235.955032256923,0.45280094729405745,0.410179679570805,0.21369365009372934,0.20897426361107113,0.1271765574369913,6.553311364879285,0.007472132601985315,1562.104920456335,-0.042621267723252476,-0.004719386482658211,0.8411133114821725,0.8502319443545884,0.9169007373959958,1.0779135926177608,0.9058719554851694,10562,733779.3917033789,0.35175145553812115,0.42677439925630456,0.06543689234747083,0.6772963761412304,0.6098261023560474,37.439564875129776,34.661308413033574,0.08320519729396926,0.15017380888964585,17578.641670564157,18687.189183767005,-0.067470273785183,-2.778256462096202,0.06696861159567659,1108.5475132028478,-0.02134443022894439,-0.10928471311572518,0.0879402828867808,2307.9495782819286,317.1405261320433,1990.8090521498852,-17.194,-70.934,2038,552,1486,0.27085377821393525,0.7291462217860648,0.3714670255720054,0.046357615894039736,0.041379310344827586,0.16666666666666666,0.31722428748451054,0.2765957446808511,0.0068694798822374874,-0.2244961623198955,0.1711536615798061
2008-2024,19,Pasco,29940,3054965.323368041,0.8386837009065646,0.72953419739045,42.865936005062395,33.17736771395459,0.3485132458407366,0.3560010093853522,10485.178579668247,9678.714169766521,0.29950504028505553,0.30007902357830685,0.17365363000030873,0.16929362021746072,0.10914950351611463,9.688568291107806,0.0074877635446155555,806.464409901726,0.0005739832932513123,-0.004360009782848007,0.8698561765321886,0.7739797798894767,0.9230852957082165,1.0214848750627898,1.0019164395120197,11746,1195677.7687807542,0.4375942127128478,0.5507279626933803,0.09814885527601568,0.725029845399487,0.693484855053979,34.46506669846381,31.731104403490793,0.2867329022502902,0.4919470800581297,10793.187758020049,9178.61494531745,-0.03154499034550795,-2.733962294973015,0.20521417780783952,-1614.5728127025995,-0.04058092733711227,-0.042849530921079904,0.002268603583967632,-52.10027755695228,-641.226924813719,589.1266472567668,-10.686,-76.262,4992,1402,3590,0.280849358974359,0.7191506410256411,0.3905292479108635,0.042042042042042045,0.039755351681957186,0.16666666666666666,0.3224096385542169,0.12244897959183673,0.005608974358974359,-0.23880731693231694,0.1496960583979129
2008-2024,20,Piura,55351,18449872.424675155,0.8665635684554319,0.6968592351987103,42.40916064536932,31.934653633847546,0.2810262406177814,0.28262616317195816,13008.675440100405,12246.29325699799,0.25628015459381565,0.2578964756259651,0.10963060679105437,0.105159490294626,0.16970433325672163,10.474507011521773,0.001599922554176736,762.3821831024161,0.0016163210321494814,-0.004471116496428368,0.8041640112343937,0.75301310254379,0.9413943266850747,1.0056931429273637,1.0063068521037504,21472,7177379.71107336,0.47137298790030596,0.630191198162991,0.12976506791216827,0.7173830822754377,0.6648560327503443,33.57484457147601,30.37091293289037,0.22033850719255343,0.388819901112197,12496.067729880038,12511.21306476186,-0.05252704952509335,-3.2039316385856367,0.16848139391964356,15.145334881821327,-0.0248455816105696,-0.06470508340881564,0.039859501798246044,1104.9000847662828,548.4029930253819,556.4970917409009,-5.194,-80.632,7460,1776,5684,0.23806970509383377,0.7619302949061663,0.3124560168895144,0.019855595667870037,0.01824817518248175,0.16666666666666666,0.2805755395683453,0.19101123595505617,0.0029490616621983914,-0.21821410942596373,0.08340244576706672
2008-2024,21,Puno,34735,14645018.281069579,0.8511441747049348,0.8175633550844852,36.77860465228676,33.17191485953631,0.3293197422718202,0.3532463337110286,9355.92736922159,8468.754445514896,0.3235238252178338,0.24248141709081303,0.19666054293031984,0.143706638391485,0.033580819620449565,3.6066897927504513,0.02392659143920839,887.1729237066938,-0.08104240812702077,-0.052953904538834834,0.9605462615871265,0.9019351107294876,0.9051753087967264,1.07265459177804,0.7495009584766945,12968,5636211.443106073,0.3486945938803072,0.43195099951653565,0.07149565774221009,0.8033697272051367,0.776900664785987,33.62133448927116,31.799235434054644,0.2971545064859759,0.4740736841674903,9404.745982628223,8208.848541888176,-0.026469062419149703,-1.822099055216519,0.17691917768151438,-1195.8974407400474,0.02970471872403757,-0.061257039685090886,0.09096175840912846,-277.33789006781444,-189.00710333544157,-88.33078673237287,-15.84,-70.028,5306,1528,3778,0.28797587636637767,0.7120241236336223,0.40444679724722077,0.07142857142857142,0.06476683937823834,0.5,0.32702952029520294,0.2608695652173913,0.010554089709762533,-0.21654730493780625,0.24803664921465968
2008-2024,22,San Martín,44731,8521643.371342303,0.8799596273967624,0.7026771124912672,39.29213392615388,33.08204997612769,0.24185062724545686,0.23937271242549232,9397.869350760475,9183.316342104215,0.21164541787298558,0.21076225824340028,0.09691102537792536,0.0823869891244625,0.17728251490549518,6.210083950026188,-0.0024779148199645384,214.5530086562594,-0.000883159629585295,-0.014524036253462852,0.7985333538199239,0.8419509624573331,0.9771700370958128,0.9897543585138207,0.9958271733994482,17351,3324952.9218911035,0.4761616649660194,0.6164158134691095,0.11736236679502716,0.7311053111141463,0.6562630438299633,34.867353684330475,31.03609210657336,0.16959073737761302,0.34792924977863743,9570.869678816378,9287.246510751513,-0.07484226728418308,-3.8312615777571146,0.1783385124010244,-283.62316806486524,-0.03479391454964442,-0.08909713205656367,0.054303217506919244,1981.8143954445222,249.99658252278732,1731.817812921735,-6.49,-76.371,2008,602,1406,0.299800796812749,0.700199203187251,0.42816500711237554,0.0472972972972973,0.028169014084507043,0.5,0.35875,0.11904761904761904,0.0069721115537848604,-0.2525034995154517,0.15776241357636706
2008-2024,23,Tacna,38448,3876728.092509969,0.785299566648277,0.6609395631825928,45.18064138623526,40.360929832215746,0.1427331531793447,0.15730889393932912,15082.86103801433,14015.12837179889,0.39246644324712804,0.3627567294799054,0.2442981423290786,0.21042751650798594,0.12436000346568421,4.819711554019513,0.014575740759984412,1067.7326662154392,-0.029709713767222645,-0.033870625821092654,0.8416400457261642,0.8933235251616439,0.9292088773128412,1.1021188170744742,0.9242999897738644,14867,1514175.3109655317,0.3354130953434316,0.40531216923213226,0.06314416563373566,0.6829273285603129,0.6027578424465387,40.30326165567681,39.284892928611924,0.12395397128391356,0.25941332633688724,13721.546940021306,14951.398252911842,-0.08016948611377417,-1.018368727064889,0.13545935505297368,1229.851312890536,-0.043185496149046876,-0.10575000714168237,0.06256451099263549,1968.141860178268,1676.907648983506,291.2342111947619,-18.006,-70.247,990,288,702,0.2909090909090909,0.7090909090909091,0.41025641025641024,0.04225352112676056,0.03076923076923077,0.16666666666666666,0.34933333333333333,0.17142857142857143,0.006060606060606061,-0.24865556978233033,0.14524647887323944
2008-2024,24,Tumbes,29704,2461320.2221718756,0.8442520087173029,0.6250270190544177,44.488805302257475,35.516555506910656,0.15865319818870693,0.15820809881856054,11884.761166657605,11437.344603311529,0.2898452591068643,0.31109547805385124,0.13622141450653252,0.12304082990413716,0.21922498966288517,8.97224979534682,-0.0004450993701463901,447.41656334607615,0.02125021894698692,-0.013180584602395365,0.7403322853848341,0.7983256746413115,0.9623537606627475,0.997194513724098,1.0733157375506772,11488,966318.6105182456,0.45599953699971174,0.5734095463959544,0.10276500519385397,0.6491002092041883,0.5858370436740655,36.41740919721991,34.156257238719256,0.12737280592470773,0.22874855321749157,11836.154162572817,10996.943275729056,-0.06326316553012279,-2.2611519585006548,0.10137574729278384,-839.2108868437608,-0.038154436294026706,-0.07396572413135916,0.03581128783733245,-1065.7775892970549,-91.96113158022854,-973.8164577168263,-3.566,-80.451,878,260,618,0.296127562642369,0.7038724373576309,0.42071197411003236,0.07317073170731707,0.05714285714285714,0.16666666666666666,0.3063063063063063,0.36585365853658536,0.00683371298405467,-0.22295683093505192,0.24709193245778613
2008-2024,25,Ucayali,40851,4860329.59952243,0.8639559922946605,0.6798830448153963,43.94488204735219,36.57050065988494,0.14198087338700396,0.1419906565448547,12239.42617414921,11808.16522573486,0.2503872191765446,0.23603569272585373,0.11933872522570825,0.10533638124522203,0.18407294747926417,7.3743813874672455,9.783157850745683e-06,431.2609484143504,-0.014351526450690877,-0.01400234398048622,0.7869417549956823,0.8321902109210104,0.9647646105072137,1.0000689047589113,0.9426826716719442,16111,1947384.2957649706,0.5712051854661198,0.8358750717475117,0.19574572379417648,0.7256475739033517,0.6318186646235093,38.06774994224826,34.62312615935179,0.06910865607486595,0.21892967630585985,12199.303519797517,11810.087834859904,-0.09382890927984233,-3.444623782896471,0.14982102023099392,-389.21568493761333,-0.03005957056201236,-0.10459879572876496,0.0745392251667526,1352.6661092900322,565.823256869513,786.8428524205192,-8.379,-74.553,1436,448,988,0.31197771587743733,0.6880222841225627,0.4534412955465587,0.043478260869565216,0.04597701149425287,0.0,0.3689839572192513,0.16326530612244897,0.005571030640668524,-0.2684994550078721,0.13936335403726707
