anio,departamento,n_adultos_18_64,peso_total_18_64,tasa_trabaja_horas_hombre,tasa_trabaja_horas_mujer,horas_prom_hombre,horas_prom_mujer,pobreza_hombre,pobreza_mujer,ingreso_neto_hogar_hombre,ingreso_neto_hogar_mujer,tasa_educ_sup_hombre,tasa_educ_sup_mujer,tasa_educ_univ_hombre,tasa_educ_univ_mujer,gap_trabaja_horas_h_m,gap_horas_h_m,gap_pobreza_m_h,gap_ingreso_hogar_h_m,gap_educ_sup_m_h,gap_educ_univ_m_h,ratio_trabajo_m_h,ratio_horas_m_h,ratio_ingreso_hogar_m_h,ratio_pobreza_m_h,ratio_educ_sup_m_h,n_mujeres_18_49,peso_mujeres_18_49,share_mujeres_18_49_con_u6,prom_ninios_u6_hogar_mujer_18_49,share_mujeres_18_49_con_2mas_u6,tasa_trabaja_mujer_no_u6,tasa_trabaja_mujer_si_u6,horas_mujer_no_u6,horas_mujer_si_u6,pobreza_mujer_no_u6,pobreza_mujer_si_u6,ingreso_hogar_mujer_no_u6,ingreso_hogar_mujer_si_u6,penalidad_maternidad_trabajo,penalidad_maternidad_horas,penalidad_maternidad_pobreza,penalidad_maternidad_ingreso,penalidad_maternidad_trabajo_educ_sup,penalidad_maternidad_trabajo_no_educ_sup,mitigacion_penalidad_trabajo_por_educ,penalidad_maternidad_ingreso_educ_sup,penalidad_maternidad_ingreso_no_educ_sup,mitigacion_penalidad_ingreso_por_educ
2008,Perú,50216,16990403.560000002,0.8384876869473928,0.6861696517365274,45.31991969395231,36.89376310850666,0.31242894748399247,0.30860908177759416,10907.163713787688,10791.6181773852,0.32073275263804,0.28920970844756194,0.17581279848243356,0.14207753052794858,0.1523180352108654,8.426156585445646,-0.0038198657063983066,115.54553640248741,-0.03152304419047808,-0.033735267954484977,0.8183419535170563,0.8140738853389877,0.9894064543785634,0.9877736498581201,0.9017155437628376,20394,6958063.23,0.4625430803968132,0.6263273997295941,0.13048033051576624,0.7100090587665658,0.6720901850730983,38.607198256285756,35.47904701794969,0.21505874213036252,0.4360574060932065,11584.83663850191,9905.056941078625,-0.03791887369346758,-3.1281512383360663,0.22099866396284396,-1679.779697423286,-0.003490781931591247,-0.056550112008831754,0.05305933007724051,730.7980535714887,-1096.8809022514197,1827.6789558229084
2009,Perú,50812,17238712.19,0.8410786249634711,0.6951209654547451,44.38258404743939,36.34592957802148,0.2754638108381978,0.2712425453688514,12293.167300349865,12069.113122411607,0.32742930723234104,0.30767812077159157,0.17750709246079147,0.15499859393753906,0.14595765950872597,8.036654469417904,-0.004221265469346425,224.05417793825836,-0.01975118646074947,-0.0225084985232524,0.8264637155473247,0.8189232411337805,0.9817740886084027,0.9846757893296338,0.9396780128581032,20457,6972323.040000001,0.46472502226460227,0.6333855322916879,0.13671435682647312,0.7261272246617507,0.6689128626353443,37.733828798983936,34.78462928742555,0.18275822498117858,0.3936913400056807,12722.311819250168,11208.824086900653,-0.057214362026406396,-2.9491995115583833,0.2109331150245021,-1513.4877323495148,-0.04054392196119194,-0.06971408663006551,0.029170164668873566,842.9451763483157,-746.199520101467,1589.1446964497827
2010,Perú,49967,17542141.09,0.8457323107749116,0.7121653788840164,43.926356455883216,35.79995426975696,0.24721596614688285,0.25109168206735083,12724.449250829093,12556.892375441017,0.3300540536085039,0.30336005141285277,0.17956274100685563,0.14892882047402137,0.1335669318908952,8.126402186126256,0.0038757159204679814,167.55687538807615,-0.0266940021956511,-0.030633920532834258,0.8420694938703324,0.814999402595845,0.9868318956612477,1.0156774498867327,0.9191223319216846,19929,7012911.98,0.4600219479726024,0.6292631523945065,0.13040592589898725,0.7342309258519926,0.6946575691702767,37.521674216079944,34.15096492987052,0.17263151940564994,0.36538314700947766,13021.114890108827,12205.887265404526,-0.03957335668171591,-3.3707092862094257,0.19275162760382772,-815.227624704301,-0.03683283188936781,-0.044983054815011414,0.008150222925643602,2978.600023321371,-589.3599203885115,3567.9599437098823
2011,Perú,56823,17715865.1,0.8474081496623399,0.7076141055612408,44.06012138921543,35.816948820458336,0.21950672347830538,0.22816625065865248,13638.806357433223,12951.48488109376,0.33512896040206613,0.31323358612429303,0.18066372981770237,0.15364498644238184,0.13979404410109908,8.243172568757096,0.008659527180347099,687.3214763394626,-0.021895374277773105,-0.027018743375320536,0.8350333966497706,0.8129108066693894,0.9496054523888104,1.0394499404989885,0.9346658246082211,22424,7008079.2,0.44377482634614057,0.5912225093004085,0.11587193107064202,0.7275282945337102,0.6879720510659721,37.30949301273958,33.987168780046744,0.16061449095500738,0.34159395216952304,13461.766676944073,12170.802578167306,-0.039556243467738006,-3.3223242326928357,0.18097946121451566,-1290.964098776767,-0.046854455044896715,-0.03913760461783222,-0.007716850427064492,-120.66439397707654,-220.4473256641486,99.78293168707205
2012,Perú,56914,18253416.588,0.8490583196343479,0.7047956259673489,43.77775023346296,36.18364554951658,0.20576077925644984,0.21135273941864785,15368.93429797672,14608.53098319997,0.34524853883166756,0.33021321188535413,0.19444487307657823,0.17113641836224525,0.14426269366699895,7.594104683946384,0.005591960162198012,760.4033147767514,-0.015035326946313432,-0.023308454714332988,0.8300909486063024,0.8265304945218135,0.9505233544477539,1.0271769973967122,0.956450715194354,22237,7131022.137,0.43042958120605257,0.5681232967963229,0.11243633249150296,0.7295359637801994,0.686161806328042,37.446736214106636,34.94448083077206,0.14982319323817764,0.31391244752832814,15257.07735749623,14200.477496999356,-0.043374157452157336,-2.502255383334578,0.1640892542901505,-1056.5998604968736,-0.03407005983752265,-0.05037184495390434,0.016301785116381695,1472.9541318933152,-375.9511698405313,1848.9053017338465
2013,Perú,68113,18561212.7,0.8422093362348028,0.6997421263778378,44.100474796069854,36.36089926034461,0.1872306438921285,0.19545185479633798,16331.073134304439,15428.42337746202,0.34228469206996665,0.3230530172010591,0.19410630988221148,0.169698564252,0.14246720985696493,7.739575535725244,0.008221210904209464,902.6497568424184,-0.019231674868907533,-0.024407745630211475,0.8308410940991445,0.8245013104390663,0.9447280806705626,1.043909537099846,0.943813803788291,26193,7166088.940000001,0.4217169735546151,0.5602288268557268,0.11143481565552546,0.7236808895770869,0.6783898205057612,37.60586443955561,34.52082971680435,0.13688801686552474,0.2985372692666788,15867.570334920125,15511.81206720728,-0.04529106907132563,-3.08503472275126,0.16164925240115405,-355.7582677128448,-0.019596005811715944,-0.06089145000226781,0.04129544419055187,2188.4379812712505,557.2248167274902,1631.2131645437603
2014,Perú,68137,18842128.61,0.8407208638349605,0.6966885997196658,43.639106251043074,35.811268583724484,0.17775913812434138,0.185424371503621,16689.97373624996,15961.917114767271,0.3287199464110325,0.32226121105411804,0.18926373100101448,0.17633951338887252,0.14403226411529468,7.82783766731859,0.007665233379279629,728.0566214826904,-0.006458735356914491,-0.012924217612141964,0.8286800407708578,0.8206233275657087,0.9563776053223271,1.043121458959358,0.9803518605200839,26196,7309902.41,0.4075573000707133,0.5292823724578287,0.1023852191208665,0.7178534315454234,0.6598527427504975,37.260059174152886,33.898380174635015,0.13569976862299657,0.2868760897814154,16487.074698264296,15635.294972438995,-0.058000688794925814,-3.3616789995178706,0.1511763211584188,-851.7797258253013,-0.027250910686352547,-0.07354391842169916,0.046293007735346614,1241.7101798373733,448.65190408128547,793.0582757560878
2015,Perú,68523,18827023.7,0.8366526507521403,0.6877642490652017,44.00353978886609,36.6464280493918,0.17235299902392368,0.175106048307578,17129.88225749225,16527.105631052036,0.321758944535579,0.32274938767694594,0.18774781800254914,0.17554720197853457,0.14888840168693862,7.357111739474291,0.0027530492836543297,602.7766264402126,0.0009904431413669257,-0.012200616024014566,0.8220427538798929,0.8328063656975203,0.9648113969857224,1.0159733181275958,1.0030782147883923,26749,7404495.61,0.4276559413072567,0.5533106163864685,0.10505879008820156,0.7094764978605407,0.6528986032341413,37.8307856764802,34.93469306248934,0.12514099284109265,0.26919610476240063,17531.712369037214,15808.814391807668,-0.056577894626399394,-2.8960926139908594,0.144055111921308,-1722.897977229546,-0.0227602228615722,-0.07968518957063286,0.056924966709060665,394.8510317106011,-247.3442518865977,642.1952835971988
2016,Perú,75892,19075523.92844116,0.8398980639899732,0.6967623775568047,43.70803238501124,35.761562608297005,0.16523805873874395,0.16752510142926966,18074.838911215003,17641.559772804543,0.3392251879659254,0.33507776870130845,0.19407185660744372,0.17652583690962417,0.14313568643316854,7.946469776714238,0.002287042690525709,433.2791384104603,-0.004147419264616925,-0.017546019697819548,0.8295796923817206,0.8181920040070412,0.9760286030465466,1.0138408954207199,0.9877738463659322,29393,7397838.46655458,0.42960448630232423,0.5509210980888374,0.10213950207318666,0.7229323381738582,0.6560942383222028,36.975659111998574,33.900831353099186,0.12582255561530983,0.2501567266054981,18721.84091550194,16590.26407892605,-0.06683809985165534,-3.0748277588993886,0.12433417099018826,-2131.5768365758886,-0.053944764933152145,-0.08042796872274405,0.026483203789591903,-283.3455912461977,-292.6154069199911,9.269815673793346
2017,Perú,72365,19247921.635954466,0.8369559197760957,0.7000062015687808,43.595548949057694,36.08593581990423,,,18021.97686897537,17214.29035015401,0.34132987186856456,0.33457895832178886,0.19818277132474327,0.17923802843304942,0.13694971820731494,7.509613129153465,,807.6865188213596,-0.006750913546775705,-0.018944742891693844,0.8363716475726081,0.8277435813933985,0.9551832451737421,,0.9802217323968198,27635,7390636.080344377,0.4212519626786668,0.5483019744605676,0.10537415286538923,0.7173413093771313,0.6597840197880996,37.093367114860726,34.35451438197464,,,17823.159421938723,17028.370316252676,-0.05755728958903161,-2.7388527328860874,,-794.7891056860462,-0.034278640565512,-0.07769105349279348,0.043412412927281485,1980.6378817315963,400.45776521543485,1580.1801165161614
2018,Perú,76509,19348873.88992787,0.8409276881934921,0.7059093529777657,43.79211131508813,36.4946715556821,0.16456751492231222,0.17158093931781312,18595.234424901162,17645.735006257837,0.35500778457729554,0.3382409849178606,0.20274058640769121,0.18498502627804933,0.13501833521572637,7.297439759406025,0.0070134243955009,949.499418643325,-0.01676679965943495,-0.017755560129641884,0.8394412062875738,0.833361773610313,0.9489385615181147,1.042617307545853,0.952770614088367,28789,7358302.335142378,0.4225387105758114,0.547084556513756,0.10249907338342472,0.7307842887397245,0.6598029028414125,37.648437210039546,34.87440963382258,0.1255128882388289,0.26450178515296396,18440.366543853295,17210.225141257506,-0.07098138589831193,-2.774027576216966,0.13898889691413507,-1230.1414025957893,-0.03154092226275651,-0.10183747934686582,0.07029655708410931,526.5715069035687,470.596626155997,55.97488074757166
2019,Perú,70370,19586832.250126842,0.8393208483010413,0.707727312954247,43.48598071213748,36.525457915152735,0.16307403167705295,0.16966623319078328,19056.914023023102,18117.614384121804,0.3579571118137427,0.351645278536265,0.2036756037011692,0.18864263756603952,0.1315935353467943,6.960522796984748,0.006592201513730328,939.2996389012987,-0.006311833277477696,-0.015032966135129666,0.8432142658994272,0.8399363959833156,0.9507108213970789,1.0404245939462964,0.9823670683744874,26547,7451463.669759275,0.4076160005313786,0.5247024653167168,0.09862630575527817,0.7241183164390707,0.6536462208317908,37.442953723005296,35.009899361590044,0.12391585850780418,0.2690972347063048,18803.98247814819,17821.56368495282,-0.07047209560727985,-2.4330543614152518,0.14518137619850063,-982.4187931953711,-0.06178916496063147,-0.08090784495153658,0.019118679990905108,169.71024212595512,860.809678766329,-691.0994366403738
2020,Perú,70028,19748736.483188275,0.731146179525363,0.5831721185666278,40.13495897557415,34.10173808953689,0.2625359517301106,0.2671457997709973,14233.605539502258,13133.654928741114,0.3396709373252864,0.3323704021621264,0.18582732801278384,0.17426860445326617,0.14797406095873522,6.033220886037263,0.00460984804088671,1099.9506107611433,-0.007300535163160038,-0.011558723559517675,0.7976135756398326,0.8496766649317111,0.9227215755200978,1.0175589210182752,0.9785070361902388,26453,7525206.93175626,0.3805899711630501,0.4769892773564232,0.0805723278144315,0.5939140922994743,0.5552967237056387,35.27599337819955,32.38780412578229,0.2326832676358837,0.40557122277658303,13696.331954584863,12260.799435470863,-0.03861736859383569,-2.8881892524172628,0.17288795514069932,-1435.532519114,-0.03721872286888506,-0.04718786938459352,0.00996914651570846,-1114.3952661492985,396.00863854562704,-1510.4039046949256
2021,Perú,66670,20005975.32577908,0.8196762013488611,0.6758749128051615,42.488422203932465,35.69652580244366,0.21772761768110604,0.22055860087769846,16479.245635396528,15239.431315703761,0.3277596251040423,0.3220631629965276,0.1768101439500461,0.16557744846601782,0.14380128854369956,6.791896401488806,0.002830983196592418,1239.8143196927667,-0.005696462107514677,-0.011232695484028277,0.8245632991331702,0.8401471259890608,0.9247651047187674,1.0130024074425819,0.9826200005394001,25415,7735019.2676200885,0.3656816257964424,0.44938751651071607,0.0726540613054101,0.6953304373858976,0.6351675161157115,36.9501711736725,34.006163606209356,0.18709544552462262,0.3429189098671667,16131.699708069125,14862.939078375595,-0.060162921270186076,-2.944007567463146,0.1558234643425441,-1268.76062969353,-0.07127366199887031,-0.058428435292017245,-0.012845226706853063,-999.3597139090489,686.2674653346021,-1685.627179243651
2022,Perú,67233,20332628.942157872,0.8365366074358342,0.6918167251100333,43.65146354588969,36.29882198949557,0.2290923042041668,0.24081250529306134,18690.15621423897,17102.0153473682,0.3365514508980502,0.32744177987384127,0.1804686833202099,0.16895580884401024,0.1447198823258009,7.3526415563941185,0.011720201088894544,1588.14086687077,-0.009109671024208954,-0.01151287447619967,0.827001136543924,0.8315602511548217,0.9150279511489126,1.0511592963788496,0.9729323079728202,25475,7743952.215466741,0.38152621903324674,0.4702815483138103,0.07718610494706468,0.7051633517167181,0.6476038563281753,37.36671614665018,34.59585957638362,0.19491883502162347,0.3687544771308715,18056.53190932243,16659.97702922663,-0.05755949538854277,-2.7708565702665595,0.17383564210924804,-1396.5548800958022,-0.025830751628617588,-0.0734401890522407,0.04760943742362311,-1021.6934198821582,632.1955660629865,-1653.8889859451447
2023,Perú,66764,20790392.106031187,0.8220698726761163,0.6864486299424598,43.09263332951633,36.20576606833476,0.2494492332033763,0.2599873380765343,20068.06348630313,18770.450628194852,0.3429283636602006,0.34491808235508914,0.1873749959700291,0.17838721397669438,0.1356212427336565,6.886867261181571,0.010538104873157983,1297.6128581082776,0.001989718694888565,-0.00898778199333472,0.8350246770482376,0.8401845807723148,0.9353394083592607,1.0422454891435415,1.0058021409301101,25143,7914832.525792839,0.35220497783303006,0.42717017586552486,0.06578499455780919,0.696657639895601,0.6467801403866716,37.40336530566078,33.5000335092668,0.21895056902196952,0.39024896075225796,20213.674944882463,17722.251723859034,-0.04987749950892939,-3.903331796393978,0.17129839173028844,-2491.4232210234295,-0.029471456796733908,-0.06171532268560742,0.03224386588887351,-2526.0513772065824,269.4069342002549,-2795.4583114068373
2024,Perú,65617,21057135.778565884,0.8296203756623115,0.6869561613053373,43.479105401796836,36.76971249535398,0.2322337934696795,0.2442088413385761,21832.45460551848,20162.848268682832,0.3609912877667579,0.35554547204038733,0.19497646645555872,0.18929377887655863,0.14266421435697418,6.709392906442858,0.011975047868896582,1669.606336835648,-0.00544581572637054,-0.00568268757900009,0.8280367520589391,0.8456869605655322,0.9235264029169844,1.0515646224004864,0.984914273804056,24518,7954553.470963597,0.3442460002916777,0.4104262384202904,0.05745832115760747,0.6997024453626137,0.6348555849975263,37.87519669707803,34.10248366665301,0.1926114896742444,0.38932038127525004,21579.74289081557,18579.230078002838,-0.06484686036508747,-3.772713030425024,0.19670889160100563,-3000.5128128127326,-0.021282949049555744,-0.08813759642125918,0.06685464737170344,-1865.645079079044,-729.6987528538484,-1135.9463262251957
